,danceability,energy,key,loudness,mode,speechiness,acousticness,instrumentalness,liveness,valence,tempo,type,id,uri,track_href,analysis_url,duration_ms,time_signature,track,artist,msPlayed,datetime
0,0.528,0.655,0,-7.85,0,0.0262,0.0102,0.723,0.377,0.367,115.285,audio_features,5VErNsWF69eD0HiBt2vWcH,spotify:track:5VErNsWF69eD0HiBt2vWcH,https://api.spotify.com/v1/tracks/5VErNsWF69eD0HiBt2vWcH,https://api.spotify.com/v1/audio-analysis/5VErNsWF69eD0HiBt2vWcH,331853,4,Nineteen Hundred And Eighty Five - 2010 Remaster,Paul McCartney,1631,2023-06-28 05:54:00
0,0.439,0.827,0,-4.593,1,0.0335,0.0646,0.374,0.0844,0.54,111.297,audio_features,0f7VY69zhtS20Xm5PVYCm5,spotify:track:0f7VY69zhtS20Xm5PVYCm5,https://api.spotify.com/v1/tracks/0f7VY69zhtS20Xm5PVYCm5,https://api.spotify.com/v1/audio-analysis/0f7VY69zhtS20Xm5PVYCm5,206467,4,Doo Doo Doo Doo Doo (Heartbreaker),The Rolling Stones,206466,2023-06-28 05:57:00
0,0.328,0.682,0,-11.844,1,0.0623,0.483,0.0,0.407,0.727,155.738,audio_features,2izUIlgaceOfiEX84cesQL,spotify:track:2izUIlgaceOfiEX84cesQL,https://api.spotify.com/v1/tracks/2izUIlgaceOfiEX84cesQL,https://api.spotify.com/v1/audio-analysis/2izUIlgaceOfiEX84cesQL,264667,4,Ohio,"Crosby, Stills, Nash & Young",156043,2023-06-28 06:11:00
0,0.374,0.961,11,-5.387,0,0.0656,0.00146,0.00036,0.351,0.437,158.862,audio_features,5XtyytAig4m3HkO2XXaL9l,spotify:track:5XtyytAig4m3HkO2XXaL9l,https://api.spotify.com/v1/tracks/5XtyytAig4m3HkO2XXaL9l,https://api.spotify.com/v1/audio-analysis/5XtyytAig4m3HkO2XXaL9l,283467,4,Rearviewmirror - Remastered,Pearl Jam,4198,2023-06-28 16:31:00
0,0.528,0.421,0,-8.2,1,0.025,0.707,0.126,0.117,0.0665,110.143,audio_features,6WcIDvzwZDqarmaHDy3DoR,spotify:track:6WcIDvzwZDqarmaHDy3DoR,https://api.spotify.com/v1/tracks/6WcIDvzwZDqarmaHDy3DoR,https://api.spotify.com/v1/audio-analysis/6WcIDvzwZDqarmaHDy3DoR,223560,4,Man of the Hour,Pearl Jam,1132,2023-06-28 16:31:00
0,0.588,0.676,9,-6.553,1,0.0324,0.0294,0.0235,0.0725,0.13,119.902,audio_features,5gdmwS7vtRb8AGGRio84uX,spotify:track:5gdmwS7vtRb8AGGRio84uX,https://api.spotify.com/v1/tracks/5gdmwS7vtRb8AGGRio84uX,https://api.spotify.com/v1/audio-analysis/5gdmwS7vtRb8AGGRio84uX,352587,4,Not for You - Remastered,Pearl Jam,13104,2023-06-28 16:31:00
0,0.489,0.724,5,-8.367,1,0.0352,0.313,0.185,0.287,0.15,117.292,audio_features,3qiyyUfYe7CRYLucrPmulD,spotify:track:3qiyyUfYe7CRYLucrPmulD,https://api.spotify.com/v1/tracks/3qiyyUfYe7CRYLucrPmulD,https://api.spotify.com/v1/audio-analysis/3qiyyUfYe7CRYLucrPmulD,300400,4,Baba O'Riley,The Who,1744,2023-06-28 16:31:00
0,0.389,0.476,9,-9.342,1,0.0316,0.619,5.09e-05,0.255,0.566,148.117,audio_features,6txWz9UapYHVxEd7dDIHXT,spotify:track:6txWz9UapYHVxEd7dDIHXT,https://api.spotify.com/v1/tracks/6txWz9UapYHVxEd7dDIHXT,https://api.spotify.com/v1/audio-analysis/6txWz9UapYHVxEd7dDIHXT,217107,4,No Rain,Blind Melon,2091,2023-06-28 16:31:00
0,0.487,0.93,0,-7.3,1,0.0632,0.00241,2.82e-05,0.0841,0.134,131.304,audio_features,5F6rwEF15hN1jnhNk2YQHn,spotify:track:5F6rwEF15hN1jnhNk2YQHn,https://api.spotify.com/v1/tracks/5F6rwEF15hN1jnhNk2YQHn,https://api.spotify.com/v1/audio-analysis/5F6rwEF15hN1jnhNk2YQHn,277587,4,Corduroy - Remastered,Pearl Jam,9578,2023-06-28 16:41:00
0,0.557,0.473,7,-9.294,1,0.0262,0.261,3.95e-05,0.0658,0.56,79.368,audio_features,5coTcHT7K8O3G97y9T4LOU,spotify:track:5coTcHT7K8O3G97y9T4LOU,https://api.spotify.com/v1/tracks/5coTcHT7K8O3G97y9T4LOU,https://api.spotify.com/v1/audio-analysis/5coTcHT7K8O3G97y9T4LOU,150227,4,Lonely People,America,150226,2023-06-28 17:00:00
0,0.638,0.428,9,-12.156,0,0.0687,0.252,0.0,0.132,0.901,139.434,audio_features,6RJK553YhstRzyKA4mug09,spotify:track:6RJK553YhstRzyKA4mug09,https://api.spotify.com/v1/tracks/6RJK553YhstRzyKA4mug09,https://api.spotify.com/v1/audio-analysis/6RJK553YhstRzyKA4mug09,112800,4,The Letter,The Box Tops,112800,2023-06-28 17:02:00
0,0.404,0.43,4,-12.327,1,0.224,0.538,0.0,0.0802,0.641,180.061,audio_features,6ek9SiEj5a65WIs2EV7qiM,spotify:track:6ek9SiEj5a65WIs2EV7qiM,https://api.spotify.com/v1/tracks/6ek9SiEj5a65WIs2EV7qiM,https://api.spotify.com/v1/audio-analysis/6ek9SiEj5a65WIs2EV7qiM,148053,4,Son Of A Preacher Man,Dusty Springfield,19242,2023-06-28 17:03:00
0,0.439,0.0675,0,-16.963,1,0.108,0.737,1.2e-05,0.0821,0.55,170.225,audio_features,26uDUal1TkjwwOaQQt1Uwy,spotify:track:26uDUal1TkjwwOaQQt1Uwy,https://api.spotify.com/v1/tracks/26uDUal1TkjwwOaQQt1Uwy,https://api.spotify.com/v1/audio-analysis/26uDUal1TkjwwOaQQt1Uwy,65947,3,Tea For The Tillerman,Yusuf / Cat Stevens,3925,2023-06-28 17:13:00
0,0.385,0.689,11,-11.616,0,0.0294,0.262,0.835,0.0848,0.777,101.894,audio_features,5uDu2qOoDou7cFXsipAo8l,spotify:track:5uDu2qOoDou7cFXsipAo8l,https://api.spotify.com/v1/tracks/5uDu2qOoDou7cFXsipAo8l,https://api.spotify.com/v1/audio-analysis/5uDu2qOoDou7cFXsipAo8l,218893,4,Peaches En Regalia,Frank Zappa,2487,2023-06-29 05:24:00
0,0.383,0.516,9,-12.032,0,0.0344,0.202,0.193,0.114,0.371,118.144,audio_features,7n3WO6ESKS1uCI9fgkGs66,spotify:track:7n3WO6ESKS1uCI9fgkGs66,https://api.spotify.com/v1/tracks/7n3WO6ESKS1uCI9fgkGs66,https://api.spotify.com/v1/audio-analysis/7n3WO6ESKS1uCI9fgkGs66,224133,4,I'd Love to Change the World - 2004 Remaster,Ten Years After,875,2023-06-29 05:24:00
0,0.452,0.757,6,-5.41,0,0.0396,0.409,0.344,0.135,0.567,115.546,audio_features,6Rb4xFCy3Hh5MJ88ehLXdc,spotify:track:6Rb4xFCy3Hh5MJ88ehLXdc,https://api.spotify.com/v1/tracks/6Rb4xFCy3Hh5MJ88ehLXdc,https://api.spotify.com/v1/audio-analysis/6Rb4xFCy3Hh5MJ88ehLXdc,319587,4,Fresh Air - Remastered,Quicksilver Messenger Service,319586,2023-06-29 05:29:00
0,0.626,0.512,1,-9.15,0,0.0247,0.155,4.65e-05,0.215,0.73,92.225,audio_features,0suLngfo7rJoetk7Ub6N8l,spotify:track:0suLngfo7rJoetk7Ub6N8l,https://api.spotify.com/v1/tracks/0suLngfo7rJoetk7Ub6N8l,https://api.spotify.com/v1/audio-analysis/0suLngfo7rJoetk7Ub6N8l,170720,4,Octopus,Syd Barrett,227866,2023-06-29 05:33:00
0,0.523,0.411,0,-13.371,0,0.0749,0.0637,1.28e-06,0.047,0.277,105.659,audio_features,2mKY3LWyyLYgz3aFsHQk83,spotify:track:2mKY3LWyyLYgz3aFsHQk83,https://api.spotify.com/v1/tracks/2mKY3LWyyLYgz3aFsHQk83,https://api.spotify.com/v1/audio-analysis/2mKY3LWyyLYgz3aFsHQk83,166360,4,Tales Of Brave Ulysses,Cream,166453,2023-06-29 05:36:00
0,0.364,0.787,4,-12.46,0,0.0437,0.347,0.649,0.113,0.831,88.046,audio_features,3toxxSU3TcvzgmeR8LLUiX,spotify:track:3toxxSU3TcvzgmeR8LLUiX,https://api.spotify.com/v1/tracks/3toxxSU3TcvzgmeR8LLUiX,https://api.spotify.com/v1/audio-analysis/3toxxSU3TcvzgmeR8LLUiX,563400,4,Willie The Pimp,Frank Zappa,332323,2023-06-29 05:41:00
0,0.28,0.879,9,-9.214,1,0.0793,0.303,0.821,0.338,0.568,171.12,audio_features,0W7SzJd9YNDiEUxxeKGdTU,spotify:track:0W7SzJd9YNDiEUxxeKGdTU,https://api.spotify.com/v1/tracks/0W7SzJd9YNDiEUxxeKGdTU,https://api.spotify.com/v1/audio-analysis/0W7SzJd9YNDiEUxxeKGdTU,349787,4,Apostrophe',Frank Zappa,3283,2023-06-29 05:41:00
0,0.287,0.6,2,-13.543,1,0.0542,0.0571,0.0956,0.775,0.625,108.906,audio_features,7AU0zo4WShS29olDPT5DsN,spotify:track:7AU0zo4WShS29olDPT5DsN,https://api.spotify.com/v1/tracks/7AU0zo4WShS29olDPT5DsN,https://api.spotify.com/v1/audio-analysis/7AU0zo4WShS29olDPT5DsN,257147,3,Black Napkins,Frank Zappa,1757,2023-06-29 05:41:00
0,0.366,0.515,9,-11.451,1,0.0335,0.106,0.0,0.152,0.628,142.493,audio_features,3Zwcr6lymZaeTXtEMxlfXA,spotify:track:3Zwcr6lymZaeTXtEMxlfXA,https://api.spotify.com/v1/tracks/3Zwcr6lymZaeTXtEMxlfXA,https://api.spotify.com/v1/audio-analysis/3Zwcr6lymZaeTXtEMxlfXA,210467,4,"Hungry Freaks, Daddy",The Mothers Of Invention,1218,2023-06-29 05:41:00
0,0.465,0.357,2,-13.532,1,0.0343,0.487,0.0121,0.155,0.582,130.74,audio_features,5JJvCn32TOLggeZuG3Ffrh,spotify:track:5JJvCn32TOLggeZuG3Ffrh,https://api.spotify.com/v1/tracks/5JJvCn32TOLggeZuG3Ffrh,https://api.spotify.com/v1/audio-analysis/5JJvCn32TOLggeZuG3Ffrh,191000,4,Fresh-Garbage,Spirit,9964,2023-06-29 05:52:00
0,0.568,0.839,7,-9.333,1,0.0487,0.127,0.589,0.18,0.969,125.471,audio_features,1OAwTzV8NOBGN4fzUAkxg3,spotify:track:1OAwTzV8NOBGN4fzUAkxg3,https://api.spotify.com/v1/tracks/1OAwTzV8NOBGN4fzUAkxg3,https://api.spotify.com/v1/audio-analysis/1OAwTzV8NOBGN4fzUAkxg3,87493,4,Lazy Bones,WITCH,242040,2023-06-29 06:33:00
0,0.555,0.854,2,-5.568,1,0.0519,0.214,0.000422,0.119,0.91,110.602,audio_features,4fFZRR2rvW6Ke8cPrSRIzv,spotify:track:4fFZRR2rvW6Ke8cPrSRIzv,https://api.spotify.com/v1/tracks/4fFZRR2rvW6Ke8cPrSRIzv,https://api.spotify.com/v1/audio-analysis/4fFZRR2rvW6Ke8cPrSRIzv,246840,4,Breakthrough,The Funkees,203986,2023-06-29 06:37:00
0,0.329,0.887,6,-5.06,0,0.0516,0.331,0.82,0.085,0.565,156.898,audio_features,32ORiXJSpjsxEBh53n03U4,spotify:track:32ORiXJSpjsxEBh53n03U4,https://api.spotify.com/v1/tracks/32ORiXJSpjsxEBh53n03U4,https://api.spotify.com/v1/audio-analysis/32ORiXJSpjsxEBh53n03U4,290800,4,Tisnant an Chatma,Tamikrest,43313,2023-06-29 06:48:00
0,0.595,0.885,3,-7.688,1,0.0518,0.0744,0.534,0.0844,0.643,137.243,audio_features,1uBsu3PbD2909UBIfEMLvK,spotify:track:1uBsu3PbD2909UBIfEMLvK,https://api.spotify.com/v1/tracks/1uBsu3PbD2909UBIfEMLvK,https://api.spotify.com/v1/audio-analysis/1uBsu3PbD2909UBIfEMLvK,222933,4,Jumpin' Jack Flash,The Rolling Stones,4480,2023-06-29 12:40:00
0,0.664,0.509,4,-8.148,0,0.0415,0.647,0.0948,0.0742,0.618,78.456,audio_features,2FRsZLQcMShPfR6IU2pnhD,spotify:track:2FRsZLQcMShPfR6IU2pnhD,https://api.spotify.com/v1/tracks/2FRsZLQcMShPfR6IU2pnhD,https://api.spotify.com/v1/audio-analysis/2FRsZLQcMShPfR6IU2pnhD,414200,3,Lucky Seven,Chris Squire,8763,2023-06-29 13:48:00
0,0.385,0.689,11,-11.616,0,0.0294,0.262,0.835,0.0848,0.777,101.894,audio_features,5uDu2qOoDou7cFXsipAo8l,spotify:track:5uDu2qOoDou7cFXsipAo8l,https://api.spotify.com/v1/tracks/5uDu2qOoDou7cFXsipAo8l,https://api.spotify.com/v1/audio-analysis/5uDu2qOoDou7cFXsipAo8l,218893,4,Peaches En Regalia,Frank Zappa,4702,2023-06-29 13:48:00
0,0.595,0.885,3,-7.688,1,0.0518,0.0744,0.534,0.0844,0.643,137.243,audio_features,1uBsu3PbD2909UBIfEMLvK,spotify:track:1uBsu3PbD2909UBIfEMLvK,https://api.spotify.com/v1/tracks/1uBsu3PbD2909UBIfEMLvK,https://api.spotify.com/v1/audio-analysis/1uBsu3PbD2909UBIfEMLvK,222933,4,Jumpin' Jack Flash,The Rolling Stones,218524,2023-06-29 13:48:00
0,0.691,0.672,0,-6.924,1,0.0247,0.104,0.000867,0.0478,0.555,90.369,audio_features,5s6gA3IQTbVqv8utc5jVcn,spotify:track:5s6gA3IQTbVqv8utc5jVcn,https://api.spotify.com/v1/tracks/5s6gA3IQTbVqv8utc5jVcn,https://api.spotify.com/v1/audio-analysis/5s6gA3IQTbVqv8utc5jVcn,331000,4,Cats Under The Stars,Jerry Garcia Band,331000,2023-06-29 13:54:00
0,0.583,0.855,0,-7.213,1,0.0333,0.1,0.0177,0.262,0.69,128.178,audio_features,7EXgO1bRnEArE58rtrgMWB,spotify:track:7EXgO1bRnEArE58rtrgMWB,https://api.spotify.com/v1/tracks/7EXgO1bRnEArE58rtrgMWB,https://api.spotify.com/v1/audio-analysis/7EXgO1bRnEArE58rtrgMWB,195147,4,Street Fighting Man - 50th Anniversary Edition,The Rolling Stones,195146,2023-06-29 13:57:00
0,0.439,0.827,0,-4.593,1,0.0335,0.0646,0.374,0.0844,0.54,111.297,audio_features,0f7VY69zhtS20Xm5PVYCm5,spotify:track:0f7VY69zhtS20Xm5PVYCm5,https://api.spotify.com/v1/tracks/0f7VY69zhtS20Xm5PVYCm5,https://api.spotify.com/v1/audio-analysis/0f7VY69zhtS20Xm5PVYCm5,206467,4,Doo Doo Doo Doo Doo (Heartbreaker),The Rolling Stones,206466,2023-06-29 14:01:00
0,0.783,0.284,9,-14.307,1,0.0365,0.679,0.282,0.0767,0.584,82.676,audio_features,7M7AwtGvWdMYudqx5Iuh1m,spotify:track:7M7AwtGvWdMYudqx5Iuh1m,https://api.spotify.com/v1/tracks/7M7AwtGvWdMYudqx5Iuh1m,https://api.spotify.com/v1/audio-analysis/7M7AwtGvWdMYudqx5Iuh1m,412596,4,Althea - 2013 Remaster,Grateful Dead,412595,2023-06-29 14:08:00
0,0.702,0.668,9,-9.237,1,0.214,0.518,0.0,0.0588,0.561,116.063,audio_features,1Ud6moTC0KyXMq1Oxfien0,spotify:track:1Ud6moTC0KyXMq1Oxfien0,https://api.spotify.com/v1/tracks/1Ud6moTC0KyXMq1Oxfien0,https://api.spotify.com/v1/audio-analysis/1Ud6moTC0KyXMq1Oxfien0,378147,4,Sympathy For The Devil - 50th Anniversary Edition,The Rolling Stones,3813,2023-06-29 14:09:00
0,0.328,0.682,0,-11.844,1,0.0623,0.483,0.0,0.407,0.727,155.738,audio_features,2izUIlgaceOfiEX84cesQL,spotify:track:2izUIlgaceOfiEX84cesQL,https://api.spotify.com/v1/tracks/2izUIlgaceOfiEX84cesQL,https://api.spotify.com/v1/audio-analysis/2izUIlgaceOfiEX84cesQL,264667,4,Ohio,"Crosby, Stills, Nash & Young",1535,2023-06-29 14:09:00
0,0.479,0.909,2,-7.404,1,0.0716,9.07e-05,0.758,0.634,0.278,111.892,audio_features,7q84UlknHb4sIThLIERiVK,spotify:track:7q84UlknHb4sIThLIERiVK,https://api.spotify.com/v1/tracks/7q84UlknHb4sIThLIERiVK,https://api.spotify.com/v1/audio-analysis/7q84UlknHb4sIThLIERiVK,310467,4,Leafy Meadows,John Paul Jones,310466,2023-06-29 14:14:00
0,0.558,0.744,4,-7.791,0,0.037,0.569,0.000148,0.24,0.54,128.949,audio_features,7vCAPGfk46iIyikreugUay,spotify:track:7vCAPGfk46iIyikreugUay,https://api.spotify.com/v1/tracks/7vCAPGfk46iIyikreugUay,https://api.spotify.com/v1/audio-analysis/7vCAPGfk46iIyikreugUay,186507,4,Coming into Los Angeles - Remastered,Arlo Guthrie,186506,2023-06-29 14:17:00
0,0.367,0.728,4,-10.089,0,0.043,0.305,0.874,0.719,0.632,115.471,audio_features,4c9FL7GiiiB3HB6XnLERws,spotify:track:4c9FL7GiiiB3HB6XnLERws,https://api.spotify.com/v1/tracks/4c9FL7GiiiB3HB6XnLERws,https://api.spotify.com/v1/audio-analysis/4c9FL7GiiiB3HB6XnLERws,787005,4,In Memory Of Elizabeth Reed,Allman Brothers Band,419093,2023-06-29 14:24:00
0,0.528,0.655,0,-7.85,0,0.0262,0.0102,0.723,0.377,0.367,115.285,audio_features,5VErNsWF69eD0HiBt2vWcH,spotify:track:5VErNsWF69eD0HiBt2vWcH,https://api.spotify.com/v1/tracks/5VErNsWF69eD0HiBt2vWcH,https://api.spotify.com/v1/audio-analysis/5VErNsWF69eD0HiBt2vWcH,331853,4,Nineteen Hundred And Eighty Five - 2010 Remaster,Paul McCartney,192255,2023-06-29 14:40:00
0,0.559,0.455,4,-11.346,1,0.0387,0.445,0.899,0.0682,0.19,113.963,audio_features,4UFTaEAvvdhr1yOJwnwGyY,spotify:track:4UFTaEAvvdhr1yOJwnwGyY,https://api.spotify.com/v1/tracks/4UFTaEAvvdhr1yOJwnwGyY,https://api.spotify.com/v1/audio-analysis/4UFTaEAvvdhr1yOJwnwGyY,256187,4,Zoot Allures,Frank Zappa,2396,2023-06-29 15:44:00
0,0.484,0.66,0,-11.163,1,0.0358,0.034,0.0812,0.0893,0.742,78.591,audio_features,4PPwkLq2ld1k09Bl5NkyZB,spotify:track:4PPwkLq2ld1k09Bl5NkyZB,https://api.spotify.com/v1/tracks/4PPwkLq2ld1k09Bl5NkyZB,https://api.spotify.com/v1/audio-analysis/4PPwkLq2ld1k09Bl5NkyZB,169600,4,Uncle Remus,Frank Zappa,2322,2023-06-29 15:44:00
0,0.281,0.493,7,-9.461,1,0.0284,0.0519,9.15e-06,0.101,0.167,60.772,audio_features,5lHgBqh9VwAAzQma55gHRY,spotify:track:5lHgBqh9VwAAzQma55gHRY,https://api.spotify.com/v1/tracks/5lHgBqh9VwAAzQma55gHRY,https://api.spotify.com/v1/audio-analysis/5lHgBqh9VwAAzQma55gHRY,196187,4,Elderly Woman Behind the Counter in a Small Town - Remastered,Pearl Jam,196186,2023-06-29 15:47:00
0,0.391,0.141,0,-20.1,1,0.036,0.816,0.902,0.0776,0.181,148.062,audio_features,5elQBDPsDuGMNj9aeEdfKU,spotify:track:5elQBDPsDuGMNj9aeEdfKU,https://api.spotify.com/v1/tracks/5elQBDPsDuGMNj9aeEdfKU,https://api.spotify.com/v1/audio-analysis/5elQBDPsDuGMNj9aeEdfKU,223960,4,Betrayal (Sorcerer Theme),Tangerine Dream,223960,2023-06-29 15:51:00
0,0.504,0.937,2,-7.859,1,0.0451,8.27e-05,0.0587,0.335,0.435,115.924,audio_features,5uORXVBCCN45rbW5LOuurt,spotify:track:5uORXVBCCN45rbW5LOuurt,https://api.spotify.com/v1/tracks/5uORXVBCCN45rbW5LOuurt,https://api.spotify.com/v1/audio-analysis/5uORXVBCCN45rbW5LOuurt,363440,4,Animate - 2004 Remaster,Rush,363440,2023-06-29 15:57:00
0,0.487,0.93,0,-7.3,1,0.0632,0.00241,2.82e-05,0.0841,0.134,131.304,audio_features,5F6rwEF15hN1jnhNk2YQHn,spotify:track:5F6rwEF15hN1jnhNk2YQHn,https://api.spotify.com/v1/tracks/5F6rwEF15hN1jnhNk2YQHn,https://api.spotify.com/v1/audio-analysis/5F6rwEF15hN1jnhNk2YQHn,277587,4,Corduroy - Remastered,Pearl Jam,277586,2023-06-29 16:02:00
0,0.284,0.875,11,-6.069,0,0.0422,0.00752,0.000461,0.402,0.595,75.009,audio_features,1L94M3KIu7QluZe63g64rv,spotify:track:1L94M3KIu7QluZe63g64rv,https://api.spotify.com/v1/tracks/1L94M3KIu7QluZe63g64rv,https://api.spotify.com/v1/audio-analysis/1L94M3KIu7QluZe63g64rv,340907,4,Alive,Pearl Jam,59311,2023-06-29 16:03:00
0,0.695,0.477,2,-12.431,1,0.0322,0.394,0.886,0.137,0.834,103.567,audio_features,1HBrFClQxwgJLYbJXAYuTb,spotify:track:1HBrFClQxwgJLYbJXAYuTb,https://api.spotify.com/v1/tracks/1HBrFClQxwgJLYbJXAYuTb,https://api.spotify.com/v1/audio-analysis/1HBrFClQxwgJLYbJXAYuTb,213893,4,Mammagamma - Instrumental,The Alan Parsons Project,213893,2023-06-29 16:07:00
0,0.226,0.136,5,-19.203,0,0.0327,0.862,8.07e-06,0.302,0.263,79.37,audio_features,1oDCK7PW72XEZ1pE5rh87A,spotify:track:1oDCK7PW72XEZ1pE5rh87A,https://api.spotify.com/v1/tracks/1oDCK7PW72XEZ1pE5rh87A,https://api.spotify.com/v1/audio-analysis/1oDCK7PW72XEZ1pE5rh87A,173267,5,Smile,Pearl Jam,231813,2023-06-29 16:11:00
0,0.489,0.954,9,-7.025,0,0.0525,0.000171,0.866,0.332,0.674,119.976,audio_features,32DaPcfAuiQtdvRaOQn7qX,spotify:track:32DaPcfAuiQtdvRaOQn7qX,https://api.spotify.com/v1/tracks/32DaPcfAuiQtdvRaOQn7qX,https://api.spotify.com/v1/audio-analysis/32DaPcfAuiQtdvRaOQn7qX,245827,4,Leave That Thing Alone - 2004 Remaster,Rush,245826,2023-06-29 16:15:00
0,0.633,0.946,1,-6.615,1,0.0366,0.323,0.134,0.972,0.831,98.062,audio_features,2ealmeMR0UKZo2Q7Bt7sWk,spotify:track:2ealmeMR0UKZo2Q7Bt7sWk,https://api.spotify.com/v1/tracks/2ealmeMR0UKZo2Q7Bt7sWk,https://api.spotify.com/v1/audio-analysis/2ealmeMR0UKZo2Q7Bt7sWk,343600,4,Eminence Front - Live,The Who,343600,2023-06-29 16:23:00
0,0.226,0.966,9,-2.754,1,0.0834,0.0067,8.58e-05,0.0944,0.221,197.007,audio_features,6CRQbrPwC2DoKkJYBuQ9pz,spotify:track:6CRQbrPwC2DoKkJYBuQ9pz,https://api.spotify.com/v1/tracks/6CRQbrPwC2DoKkJYBuQ9pz,https://api.spotify.com/v1/audio-analysis/6CRQbrPwC2DoKkJYBuQ9pz,139907,4,Comatose,Pearl Jam,78035,2023-06-29 16:24:00
0,0.456,0.335,4,-14.083,0,0.0344,0.918,0.872,0.217,0.251,177.1,audio_features,0ZZEXpvxE6eEfCvXTY0UYt,spotify:track:0ZZEXpvxE6eEfCvXTY0UYt,https://api.spotify.com/v1/tracks/0ZZEXpvxE6eEfCvXTY0UYt,https://api.spotify.com/v1/audio-analysis/0ZZEXpvxE6eEfCvXTY0UYt,635745,4,Stratosfear,Tangerine Dream,6783,2023-06-29 16:35:00
0,0.504,0.937,2,-7.859,1,0.0451,8.27e-05,0.0587,0.335,0.435,115.924,audio_features,5uORXVBCCN45rbW5LOuurt,spotify:track:5uORXVBCCN45rbW5LOuurt,https://api.spotify.com/v1/tracks/5uORXVBCCN45rbW5LOuurt,https://api.spotify.com/v1/audio-analysis/5uORXVBCCN45rbW5LOuurt,363440,4,Animate - 2004 Remaster,Rush,363440,2023-06-29 18:08:00
0,0.769,0.404,7,-10.996,0,0.0669,0.042,1.32e-05,0.111,0.494,74.998,audio_features,5Z7q4ofXq1jDcTlSXzxRHu,spotify:track:5Z7q4ofXq1jDcTlSXzxRHu,https://api.spotify.com/v1/tracks/5Z7q4ofXq1jDcTlSXzxRHu,https://api.spotify.com/v1/audio-analysis/5Z7q4ofXq1jDcTlSXzxRHu,262615,4,Fresh Air,Quicksilver Messenger Service,321933,2023-06-29 18:14:00
0,0.401,0.511,0,-14.343,1,0.0397,0.376,0.00036,0.187,0.697,140.613,audio_features,4t7Iggd89jQbcblB4rS2Eh,spotify:track:4t7Iggd89jQbcblB4rS2Eh,https://api.spotify.com/v1/tracks/4t7Iggd89jQbcblB4rS2Eh,https://api.spotify.com/v1/audio-analysis/4t7Iggd89jQbcblB4rS2Eh,243366,4,The Wheel,Jerry Garcia,243365,2023-06-29 18:18:00
0,0.39,0.502,10,-12.277,1,0.178,0.336,0.000138,0.0713,0.289,97.871,audio_features,3Am0IbOxmvlSXro7N5iSfZ,spotify:track:3Am0IbOxmvlSXro7N5iSfZ,https://api.spotify.com/v1/tracks/3Am0IbOxmvlSXro7N5iSfZ,https://api.spotify.com/v1/audio-analysis/3Am0IbOxmvlSXro7N5iSfZ,247320,4,Strawberry Fields Forever - Remastered 2009,The Beatles,247320,2023-06-29 18:22:00
0,0.578,0.954,11,-6.959,0,0.0755,0.00047,7.08e-05,0.329,0.661,139.598,audio_features,7Lcpuetp0oQtELVnd5Hw9s,spotify:track:7Lcpuetp0oQtELVnd5Hw9s,https://api.spotify.com/v1/tracks/7Lcpuetp0oQtELVnd5Hw9s,https://api.spotify.com/v1/audio-analysis/7Lcpuetp0oQtELVnd5Hw9s,204880,5,Satan's Bed - Remastered,Pearl Jam,204880,2023-06-29 18:26:00
0,0.186,0.939,11,-6.119,0,0.114,0.000607,4.18e-05,0.481,0.368,169.966,audio_features,2ciZyChQxTYWayapgNRivS,spotify:track:2ciZyChQxTYWayapgNRivS,https://api.spotify.com/v1/tracks/2ciZyChQxTYWayapgNRivS,https://api.spotify.com/v1/audio-analysis/2ciZyChQxTYWayapgNRivS,180000,4,Brain of J.,Pearl Jam,180000,2023-06-29 18:29:00
0,0.453,0.654,4,-8.855,0,0.0317,0.0205,0.00395,0.172,0.702,115.0,audio_features,389QX9Q1eUOEZ19vtzzI9O,spotify:track:389QX9Q1eUOEZ19vtzzI9O,https://api.spotify.com/v1/tracks/389QX9Q1eUOEZ19vtzzI9O,https://api.spotify.com/v1/audio-analysis/389QX9Q1eUOEZ19vtzzI9O,285000,4,While My Guitar Gently Weeps - Remastered 2009,The Beatles,12651,2023-06-29 18:30:00
0,0.619,0.717,1,-11.773,1,0.045,0.215,0.832,0.0767,0.766,169.659,audio_features,5o63XXSCnte2qrXQfaFqLn,spotify:track:5o63XXSCnte2qrXQfaFqLn,https://api.spotify.com/v1/tracks/5o63XXSCnte2qrXQfaFqLn,https://api.spotify.com/v1/audio-analysis/5o63XXSCnte2qrXQfaFqLn,944133,4,Pili Pili,Jasper van't Hofs Pili Pili,944133,2023-06-29 18:45:00
0,0.214,0.819,7,-7.842,1,0.093,0.000574,0.833,0.147,0.531,149.178,audio_features,6rmckiuDmSHegDwj90UnrC,spotify:track:6rmckiuDmSHegDwj90UnrC,https://api.spotify.com/v1/tracks/6rmckiuDmSHegDwj90UnrC,https://api.spotify.com/v1/audio-analysis/6rmckiuDmSHegDwj90UnrC,211013,4,Mr Evasion,The Pretty Things,1200,2023-06-29 18:46:00
0,0.454,0.447,9,-13.387,0,0.0273,0.0225,0.889,0.103,0.429,74.474,audio_features,03d5V0uvYp3hU7wE9mJzJa,spotify:track:03d5V0uvYp3hU7wE9mJzJa,https://api.spotify.com/v1/tracks/03d5V0uvYp3hU7wE9mJzJa,https://api.spotify.com/v1/audio-analysis/03d5V0uvYp3hU7wE9mJzJa,265920,4,Queen St. Gang,Arzachel,4986,2023-06-29 18:46:00
0,0.415,0.345,2,-12.239,0,0.0319,0.00144,0.806,0.0339,0.267,178.275,audio_features,2dNaODA8kNiR6oAJnDs6wM,spotify:track:2dNaODA8kNiR6oAJnDs6wM,https://api.spotify.com/v1/tracks/2dNaODA8kNiR6oAJnDs6wM,https://api.spotify.com/v1/audio-analysis/2dNaODA8kNiR6oAJnDs6wM,602067,4,Son Of Alerik,Deep Purple,602066,2023-06-29 19:37:00
0,0.773,0.756,10,-5.149,1,0.0388,0.159,0.00236,0.0805,0.912,105.322,audio_features,1YqJSpIxdavjQ8BxAttU0r,spotify:track:1YqJSpIxdavjQ8BxAttU0r,https://api.spotify.com/v1/tracks/1YqJSpIxdavjQ8BxAttU0r,https://api.spotify.com/v1/audio-analysis/1YqJSpIxdavjQ8BxAttU0r,152466,4,Lookin' Out My Back Door,Creedence Clearwater Revival,34281,2023-06-29 19:48:00
0,0.387,0.623,2,-8.812,1,0.0342,0.148,0.111,0.0944,0.138,120.705,audio_features,341PPpWkAUkEQeIdQQDGTo,spotify:track:341PPpWkAUkEQeIdQQDGTo,https://api.spotify.com/v1/tracks/341PPpWkAUkEQeIdQQDGTo,https://api.spotify.com/v1/audio-analysis/341PPpWkAUkEQeIdQQDGTo,447067,5,Jacob's Ladder,Rush,1488,2023-06-30 04:58:00
0,0.691,0.672,0,-6.924,1,0.0247,0.104,0.000867,0.0478,0.555,90.369,audio_features,5s6gA3IQTbVqv8utc5jVcn,spotify:track:5s6gA3IQTbVqv8utc5jVcn,https://api.spotify.com/v1/tracks/5s6gA3IQTbVqv8utc5jVcn,https://api.spotify.com/v1/audio-analysis/5s6gA3IQTbVqv8utc5jVcn,331000,4,Cats Under The Stars,Jerry Garcia Band,13364,2023-06-30 04:58:00
0,0.773,0.756,10,-5.149,1,0.0388,0.159,0.00236,0.0805,0.912,105.322,audio_features,1YqJSpIxdavjQ8BxAttU0r,spotify:track:1YqJSpIxdavjQ8BxAttU0r,https://api.spotify.com/v1/tracks/1YqJSpIxdavjQ8BxAttU0r,https://api.spotify.com/v1/audio-analysis/1YqJSpIxdavjQ8BxAttU0r,152466,4,Lookin' Out My Back Door,Creedence Clearwater Revival,11548,2023-06-30 04:58:00
0,0.255,0.427,2,-10.235,0,0.0292,0.296,0.459,0.128,0.175,156.947,audio_features,6ypqzijMjsopQkfMLrImQp,spotify:track:6ypqzijMjsopQkfMLrImQp,https://api.spotify.com/v1/tracks/6ypqzijMjsopQkfMLrImQp,https://api.spotify.com/v1/audio-analysis/6ypqzijMjsopQkfMLrImQp,580093,3,Mind Flowers,Ultimate Spinach,1311,2023-06-30 04:58:00
0,0.458,0.427,6,-7.993,1,0.0247,0.867,0.915,0.11,0.36,71.514,audio_features,7wvv3OLPrX0pENjcDDLLbS,spotify:track:7wvv3OLPrX0pENjcDDLLbS,https://api.spotify.com/v1/tracks/7wvv3OLPrX0pENjcDDLLbS,https://api.spotify.com/v1/audio-analysis/7wvv3OLPrX0pENjcDDLLbS,354173,4,Coming Down Again - Remastered,The Rolling Stones,354173,2023-06-30 05:04:00
0,0.302,0.275,9,-12.281,1,0.0306,0.536,0.00959,0.118,0.293,182.368,audio_features,49ScE2M6RIqfeHnnP4v94B,spotify:track:49ScE2M6RIqfeHnnP4v94B,https://api.spotify.com/v1/tracks/49ScE2M6RIqfeHnnP4v94B,https://api.spotify.com/v1/audio-analysis/49ScE2M6RIqfeHnnP4v94B,237000,4,No Expectations - 50th Anniversary Edition,The Rolling Stones,237000,2023-06-30 05:08:00
0,0.633,0.699,9,-9.447,1,0.138,0.136,0.0,0.108,0.411,135.278,audio_features,5jK9iJEBgHMQePlRukmnts,spotify:track:5jK9iJEBgHMQePlRukmnts,https://api.spotify.com/v1/tracks/5jK9iJEBgHMQePlRukmnts,https://api.spotify.com/v1/audio-analysis/5jK9iJEBgHMQePlRukmnts,239760,4,Fire And Water,Free,239760,2023-06-30 05:12:00
0,0.403,0.65,5,-4.279,1,0.0269,0.0962,0.00293,0.248,0.53,83.957,audio_features,3u06WsJ1KtvEqmmmZqy76J,spotify:track:3u06WsJ1KtvEqmmmZqy76J,https://api.spotify.com/v1/tracks/3u06WsJ1KtvEqmmmZqy76J,https://api.spotify.com/v1/audio-analysis/3u06WsJ1KtvEqmmmZqy76J,180280,4,You Win Again,The Rolling Stones,17954,2023-06-30 05:13:00
0,0.322,0.69,5,-6.672,1,0.032,0.733,0.554,0.61,0.492,73.279,audio_features,6B8czH1kJLkcihMhFdr6Xp,spotify:track:6B8czH1kJLkcihMhFdr6Xp,https://api.spotify.com/v1/tracks/6B8czH1kJLkcihMhFdr6Xp,https://api.spotify.com/v1/audio-analysis/6B8czH1kJLkcihMhFdr6Xp,331707,4,Can You Hear The Music - Remastered,The Rolling Stones,331706,2023-06-30 05:19:00
0,0.477,0.842,4,-7.356,1,0.0371,0.0142,0.106,0.271,0.796,96.457,audio_features,21ElXnithj4MX8E4rg5lh8,spotify:track:21ElXnithj4MX8E4rg5lh8,https://api.spotify.com/v1/tracks/21ElXnithj4MX8E4rg5lh8,https://api.spotify.com/v1/audio-analysis/21ElXnithj4MX8E4rg5lh8,236400,4,19th Nervous Breakdown - Mono Version,The Rolling Stones,236533,2023-06-30 05:23:00
0,0.644,0.824,3,-11.15,1,0.0512,0.686,3.06e-05,0.577,0.822,135.595,audio_features,5Z7Xad6ghivPVONXAJFcst,spotify:track:5Z7Xad6ghivPVONXAJFcst,https://api.spotify.com/v1/tracks/5Z7Xad6ghivPVONXAJFcst,https://api.spotify.com/v1/audio-analysis/5Z7Xad6ghivPVONXAJFcst,176267,4,It's Not Easy,The Rolling Stones,176266,2023-06-30 05:26:00
0,0.648,0.821,4,-8.978,1,0.116,0.216,1.38e-06,0.0712,0.611,144.092,audio_features,5VqEIp9rGKFYiCRDKmkSbI,spotify:track:5VqEIp9rGKFYiCRDKmkSbI,https://api.spotify.com/v1/tracks/5VqEIp9rGKFYiCRDKmkSbI,https://api.spotify.com/v1/audio-analysis/5VqEIp9rGKFYiCRDKmkSbI,196827,4,My Obsession,The Rolling Stones,196826,2023-06-30 05:29:00
0,0.482,0.975,8,-3.096,1,0.0977,0.0324,0.0199,0.31,0.47,108.974,audio_features,0trapmPLLO4k2YQehFrO3v,spotify:track:0trapmPLLO4k2YQehFrO3v,https://api.spotify.com/v1/tracks/0trapmPLLO4k2YQehFrO3v,https://api.spotify.com/v1/audio-analysis/0trapmPLLO4k2YQehFrO3v,264000,4,I Go Wild - Remastered,The Rolling Stones,264000,2023-06-30 05:34:00
0,0.681,0.633,7,-9.997,1,0.0352,0.00869,0.049,0.0848,0.954,129.591,audio_features,31YMV7aMItO8jzyc10iRrS,spotify:track:31YMV7aMItO8jzyc10iRrS,https://api.spotify.com/v1/tracks/31YMV7aMItO8jzyc10iRrS,https://api.spotify.com/v1/audio-analysis/31YMV7aMItO8jzyc10iRrS,213133,4,Live With Me,The Rolling Stones,213133,2023-06-30 05:38:00
0,0.655,0.398,11,-13.822,0,0.051,0.456,0.00099,0.0814,0.659,130.722,audio_features,3DI8C3OSwuXd8E947MWiSi,spotify:track:3DI8C3OSwuXd8E947MWiSi,https://api.spotify.com/v1/tracks/3DI8C3OSwuXd8E947MWiSi,https://api.spotify.com/v1/audio-analysis/3DI8C3OSwuXd8E947MWiSi,336579,1,Estimated Prophet - 2014 Remaster,Grateful Dead,162574,2023-06-30 05:44:00
0,0.791,0.391,9,-10.938,0,0.0551,0.79,0.927,0.0978,0.662,98.55,audio_features,0hWubhLbkeD9laXZyrvRiI,spotify:track:0hWubhLbkeD9laXZyrvRiI,https://api.spotify.com/v1/tracks/0hWubhLbkeD9laXZyrvRiI,https://api.spotify.com/v1/audio-analysis/0hWubhLbkeD9laXZyrvRiI,232570,4,Ginger Soussou,Wildes Holz,232570,2023-06-30 05:48:00
0,0.508,0.167,2,-16.769,0,0.0453,0.966,0.829,0.11,0.161,116.538,audio_features,1hTdjitFuD7ZSOug5IlX8j,spotify:track:1hTdjitFuD7ZSOug5IlX8j,https://api.spotify.com/v1/tracks/1hTdjitFuD7ZSOug5IlX8j,https://api.spotify.com/v1/audio-analysis/1hTdjitFuD7ZSOug5IlX8j,444533,4,Dear Moll,Wildes Holz,34026,2023-06-30 05:49:00
0,0.51,0.417,9,-11.271,0,0.0549,0.686,0.0,0.324,0.924,120.182,audio_features,5JqevsqF2uzoLCvBIrsukg,spotify:track:5JqevsqF2uzoLCvBIrsukg,https://api.spotify.com/v1/tracks/5JqevsqF2uzoLCvBIrsukg,https://api.spotify.com/v1/audio-analysis/5JqevsqF2uzoLCvBIrsukg,120674,3,Kama toudine toudene - Acoustic Version,Djamel Laroussi,115116,2023-06-30 05:53:00
0,0.728,0.51,4,-8.424,0,0.0418,0.884,1.16e-05,0.115,0.725,92.07,audio_features,4vcOCbnDKDxIi4apdeP4zl,spotify:track:4vcOCbnDKDxIi4apdeP4zl,https://api.spotify.com/v1/tracks/4vcOCbnDKDxIi4apdeP4zl,https://api.spotify.com/v1/audio-analysis/4vcOCbnDKDxIi4apdeP4zl,224040,4,Mindjer d√¥ce mel,Eneida Marta,1379,2023-06-30 05:53:00
0,0.766,0.459,2,-9.942,0,0.0503,0.77,0.0,0.236,0.81,100.153,audio_features,1N5dysfj1SejPeuf5xLwoe,spotify:track:1N5dysfj1SejPeuf5xLwoe,https://api.spotify.com/v1/tracks/1N5dysfj1SejPeuf5xLwoe,https://api.spotify.com/v1/audio-analysis/1N5dysfj1SejPeuf5xLwoe,261520,4,Chico Malandro,Ana Firmino,2133,2023-06-30 06:03:00
0,0.41,0.94,7,-3.034,1,0.0417,0.349,0.762,0.635,0.804,147.623,audio_features,74T1xZpCHhxasI1u8d7Zq2,spotify:track:74T1xZpCHhxasI1u8d7Zq2,https://api.spotify.com/v1/tracks/74T1xZpCHhxasI1u8d7Zq2,https://api.spotify.com/v1/audio-analysis/74T1xZpCHhxasI1u8d7Zq2,266267,4,Silver Train - Remastered,The Rolling Stones,266266,2023-06-30 08:10:00
0,0.417,0.5,7,-6.449,1,0.0263,0.575,0.0883,0.102,0.241,130.531,audio_features,3w7hnMNX4zVZeBJ6LisTjT,spotify:track:3w7hnMNX4zVZeBJ6LisTjT,https://api.spotify.com/v1/tracks/3w7hnMNX4zVZeBJ6LisTjT,https://api.spotify.com/v1/audio-analysis/3w7hnMNX4zVZeBJ6LisTjT,357200,4,Moonlight Mile - 2009 Mix,The Rolling Stones,357200,2023-06-30 08:16:00
0,0.562,0.619,9,-10.871,1,0.0524,0.00508,0.724,0.0744,0.708,132.838,audio_features,1Njd23gXEsghf7ksaNylnL,spotify:track:1Njd23gXEsghf7ksaNylnL,https://api.spotify.com/v1/tracks/1Njd23gXEsghf7ksaNylnL,https://api.spotify.com/v1/audio-analysis/1Njd23gXEsghf7ksaNylnL,266333,4,999,Keith Richards,350533,2023-06-30 08:21:00
0,0.322,0.69,5,-6.672,1,0.032,0.733,0.554,0.61,0.492,73.279,audio_features,6B8czH1kJLkcihMhFdr6Xp,spotify:track:6B8czH1kJLkcihMhFdr6Xp,https://api.spotify.com/v1/tracks/6B8czH1kJLkcihMhFdr6Xp,https://api.spotify.com/v1/audio-analysis/6B8czH1kJLkcihMhFdr6Xp,331707,4,Can You Hear The Music - Remastered,The Rolling Stones,230407,2023-06-30 08:35:00
0,0.438,0.805,8,-6.237,1,0.0624,0.00255,5.69e-05,0.0842,0.564,113.253,audio_features,2aoo2jlRnM3A0NyLQqMN2f,spotify:track:2aoo2jlRnM3A0NyLQqMN2f,https://api.spotify.com/v1/tracks/2aoo2jlRnM3A0NyLQqMN2f,https://api.spotify.com/v1/audio-analysis/2aoo2jlRnM3A0NyLQqMN2f,240800,4,All Along the Watchtower,Jimi Hendrix,1475,2023-07-01 06:33:00
0,0.371,0.467,4,-17.199,1,0.0465,0.00421,0.855,0.487,0.394,103.685,audio_features,0Ga3szKsJOeZ0eAfydm1WV,spotify:track:0Ga3szKsJOeZ0eAfydm1WV,https://api.spotify.com/v1/tracks/0Ga3szKsJOeZ0eAfydm1WV,https://api.spotify.com/v1/audio-analysis/0Ga3szKsJOeZ0eAfydm1WV,355400,4,One Of These Days - 2011 Remastered Version,Pink Floyd,2310,2023-07-01 06:33:00
0,0.492,0.932,5,-7.028,0,0.114,0.0625,0.00484,0.34,0.574,148.93,audio_features,0bNdtECaLZcHA4B9QPjeUk,spotify:track:0bNdtECaLZcHA4B9QPjeUk,https://api.spotify.com/v1/tracks/0bNdtECaLZcHA4B9QPjeUk,https://api.spotify.com/v1/audio-analysis/0bNdtECaLZcHA4B9QPjeUk,200707,4,The Real Me,The Who,2250,2023-07-01 06:33:00
0,0.318,0.657,2,-11.829,1,0.0358,0.101,3.01e-06,0.144,0.753,177.477,audio_features,5orygsZ5Ga0jEOvftsXqw2,spotify:track:5orygsZ5Ga0jEOvftsXqw2,https://api.spotify.com/v1/tracks/5orygsZ5Ga0jEOvftsXqw2,https://api.spotify.com/v1/audio-analysis/5orygsZ5Ga0jEOvftsXqw2,190373,4,The Seeker - Edit,The Who,190373,2023-07-01 06:36:00
0,0.433,0.44,10,-10.395,1,0.0469,0.0676,3.47e-06,0.141,0.753,162.107,audio_features,4zb4qr1V0efkWbKzWoM58z,spotify:track:4zb4qr1V0efkWbKzWoM58z,https://api.spotify.com/v1/tracks/4zb4qr1V0efkWbKzWoM58z,https://api.spotify.com/v1/audio-analysis/4zb4qr1V0efkWbKzWoM58z,300038,5,Really Don't Mind / See There a Son Is Born - Steven Wilson Stereo Remix,Jethro Tull,300037,2023-07-01 06:41:00
0,0.617,0.544,7,-9.529,0,0.0433,0.425,0.000948,0.34,0.623,119.068,audio_features,1K9B43e0PyilYctK0WgoO4,spotify:track:1K9B43e0PyilYctK0WgoO4,https://api.spotify.com/v1/tracks/1K9B43e0PyilYctK0WgoO4,https://api.spotify.com/v1/audio-analysis/1K9B43e0PyilYctK0WgoO4,256360,4,Don't Take Me Alive,Steely Dan,256360,2023-07-01 06:45:00
0,0.27,0.926,9,-10.897,1,0.107,0.00552,0.0196,0.773,0.408,181.14,audio_features,5LPSFlpCHZ4MDox8rMy0lz,spotify:track:5LPSFlpCHZ4MDox8rMy0lz,https://api.spotify.com/v1/tracks/5LPSFlpCHZ4MDox8rMy0lz,https://api.spotify.com/v1/audio-analysis/5LPSFlpCHZ4MDox8rMy0lz,351840,4,Young Man Blues - Live,The Who,351840,2023-07-01 06:51:00
0,0.358,0.893,9,-5.948,1,0.0339,0.00153,0.152,0.272,0.591,96.388,audio_features,57cZFx3KlHmx0CNNYbWO8u,spotify:track:57cZFx3KlHmx0CNNYbWO8u,https://api.spotify.com/v1/tracks/57cZFx3KlHmx0CNNYbWO8u,https://api.spotify.com/v1/audio-analysis/57cZFx3KlHmx0CNNYbWO8u,337750,4,Wah-Wah - 2014 Remaster,George Harrison,337750,2023-07-01 06:57:00
0,0.553,0.576,0,-13.458,1,0.0304,0.191,0.00664,0.0365,0.457,109.827,audio_features,3Xls4cNOwy01dtrNXb1inG,spotify:track:3Xls4cNOwy01dtrNXb1inG,https://api.spotify.com/v1/tracks/3Xls4cNOwy01dtrNXb1inG,https://api.spotify.com/v1/audio-analysis/3Xls4cNOwy01dtrNXb1inG,298333,4,White Room,Cream,209212,2023-07-01 07:00:00
0,0.58,0.551,9,-9.898,0,0.0582,0.181,0.00719,0.15,0.516,115.896,audio_features,4Wrc3Jz4POj0ibPj5iuq0r,spotify:track:4Wrc3Jz4POj0ibPj5iuq0r,https://api.spotify.com/v1/tracks/4Wrc3Jz4POj0ibPj5iuq0r,https://api.spotify.com/v1/audio-analysis/4Wrc3Jz4POj0ibPj5iuq0r,201213,4,Just Dropped In (To See What Condition My Condition Was In),The First Edition,854,2023-07-01 07:00:00
0,0.477,0.479,7,-11.887,0,0.0483,0.0649,0.029,0.0906,0.662,122.531,audio_features,5UuikgHTxSRFRnC0zXx10i,spotify:track:5UuikgHTxSRFRnC0zXx10i,https://api.spotify.com/v1/tracks/5UuikgHTxSRFRnC0zXx10i,https://api.spotify.com/v1/audio-analysis/5UuikgHTxSRFRnC0zXx10i,396187,4,Aqualung,Jethro Tull,1887,2023-07-01 07:00:00
